{"initial_reset_timestamp": 3.700835324, "timestamps": [5.735769468, 6.729429561, 7.175319259, 7.591447479, 8.014838415, 8.43901671, 8.860923074, 9.289881633, 10.256891632, 10.714145709, 11.145580472, 11.569065344, 12.00013154, 12.42927383, 12.856736895, 13.284304901, 13.715265195, 14.151430569, 14.57400028, 15.000522221, 15.457315607, 15.882209086, 16.313225254, 16.736073149, 17.165820735, 17.589859651, 17.964918102, 18.92692208, 19.392572973, 19.735655859, 20.17398896, 20.603467054, 21.037041526, 21.471312648, 21.898436131, 22.329167878, 22.716017807, 23.152350755, 23.509541497, 23.94312224, 24.323879527, 24.759521734, 25.190500182, 25.620595892, 26.050763445, 26.401790175, 26.838596671, 27.115129849, 27.449868606, 27.843462869, 28.165162764, 28.473811179, 28.817468073, 29.142060911, 29.418842348, 29.855358172, 30.212409167, 30.579994489, 30.912421709, 31.25462081, 31.642842727, 32.015079395, 32.367282891, 32.667106847, 33.411403443, 33.786066254, 34.120674057, 34.456697507, 34.816610199, 35.143530764, 35.405894448, 35.741962631, 36.075268072, 36.416748639, 36.746288288, 37.037891948, 37.376705869, 37.71516584, 38.077609424, 38.331420212, 38.676998074, 39.023797653, 39.327212159, 39.531247295, 39.852374383, 40.200228144, 40.588998952, 40.865565218, 41.152648778, 41.429429299, 41.740322902, 42.103803423, 42.35932462, 42.613512401, 42.993044968, 43.328204511, 43.672422899, 43.918824686, 44.244774936, 44.581246971, 44.816336213, 45.074415715, 45.38695598, 45.635620485, 45.993492599, 46.242207249, 46.424967666, 46.745214184, 46.941194384, 47.18505565, 47.435003139, 47.619819464, 47.963767127, 48.205032155, 48.483204297, 48.720744421, 48.998323123, 49.292493819, 49.538900213, 49.85020157, 50.034787465, 50.346400932, 50.605073721, 50.925758986, 51.171955957, 51.648364476, 51.93431104, 52.127522729, 52.371672668, 52.55880555, 52.747300888, 52.994988753, 53.286121872, 53.463614093, 53.701157926, 54.075090301, 54.362001685, 54.795741417, 55.137215771, 55.329035917, 55.522284894, 55.75563487, 56.063543451, 56.298084356, 56.573023976, 56.901351238, 57.079843937, 57.267196753, 57.517095037, 57.802391159, 57.99148153, 58.335518792, 58.742334401, 58.981960814, 59.317614497, 59.498519587, 59.810328138, 60.122961049, 60.313524202, 60.549701214, 60.931892349, 61.19535046, 61.486680709, 61.730980912, 62.030056357, 62.264632409, 62.448950769, 62.711142242, 62.905340385, 63.254178855, 63.460028364, 63.648482907, 63.829242499, 64.120288391, 64.497579656, 64.739084192, 65.081496988, 65.264886145, 65.458286067, 65.71215935, 65.92354988, 66.22002858, 66.473518654, 66.656311155, 66.842381001, 67.039484399, 67.376450546, 67.625776766, 67.926943805, 68.225879209, 68.470179166, 68.816871102, 68.999957382, 69.182721199, 69.478148273, 69.81866218, 70.067846214, 70.351552673, 70.550786699, 70.888388219, 71.082301713, 71.32782023, 71.659359256, 72.006949177, 72.33984504, 72.707406379, 72.956576389, 73.208344963, 73.399604115, 73.615593748, 73.929696566, 74.165675583, 74.354152511, 74.602698271, 74.916810587, 75.212416065, 75.692689646, 75.909917124, 76.117340198, 76.441021906, 76.772280163, 77.12561574, 77.465697362, 77.773392185, 78.027210106, 78.275201594, 78.594291119, 78.842530741, 79.129365482, 79.321198675, 79.511614849, 79.779604662, 79.96847622, 80.160874218, 80.49273658, 80.682774923, 80.979470244, 81.236760904, 81.424953567, 81.613016576, 81.904218301, 82.260943717, 82.447360599, 82.634156433, 82.9510954, 83.262842548, 83.51706936, 83.769675801, 84.050318079, 84.294926866, 84.640982984, 84.891502547, 85.266638505, 85.55694976, 85.803673294, 85.995940723, 86.291683847, 86.69372492, 86.943478591, 87.256817374, 87.442245005, 87.789911579, 88.117188972, 88.369920553, 88.674845233, 89.000922316, 89.249495329, 89.431118628, 89.775698341, 90.103511663, 90.299560575, 90.64367647, 90.845585125, 91.136351572, 91.327475845, 91.574293479, 91.835004553, 92.032818835, 92.228806146, 92.578860065, 92.875444974, 93.177860046, 93.372790256, 93.631134446, 93.818254444, 94.094491832, 94.281380653, 94.531326, 94.851434007, 95.169151543, 95.354764052, 95.563762329, 95.810897439, 96.09935684, 96.408948011, 96.601838102, 96.792022518, 97.042962374, 97.37789727, 97.705722907, 98.004855023, 98.251455954, 98.645508922, 98.897740489, 99.086668893, 99.41436251, 99.605362701, 99.976427104, 100.179580224, 100.488754691, 100.688253856, 100.939597618, 101.254725828, 101.451862011, 101.713757765, 101.966334487, 102.254344716, 102.633731976, 102.952370376, 103.150354846, 103.347906544, 103.634638368, 103.984380748, 104.348313281, 104.596986789, 104.839447148, 105.177544641, 105.439043699, 105.721489972, 106.02004024, 106.279529926, 106.50740904, 106.730345222, 107.029131856, 107.216219907, 107.405001987, 107.692950668, 107.881261153, 108.227028794, 108.427565628, 108.679650065, 108.873175292, 109.140715215, 109.64318575, 109.865885633, 110.159105852, 110.35030234, 110.542785903, 110.855073903, 111.104487236, 111.4193839, 111.717349328, 111.968022622, 112.146326675, 112.334523609, 112.5292453, 112.865715837, 113.160365556, 113.356161091, 113.546259494, 113.79433623, 114.069655054, 114.426866947, 114.673045533, 114.866365648, 115.177611951, 115.479337714, 115.724185887, 115.921397274, 116.120329257, 116.370450814, 116.730240095, 116.977804088, 117.304746227, 117.513986479, 117.809668938, 118.099927359, 118.295935197, 118.535367351, 118.802295131, 119.152829936, 119.414180599, 119.61792643, 119.841624269, 120.132423051, 120.398493642, 120.721103634, 121.041713799, 121.248070152, 121.515205521, 121.863572173, 122.242791803, 122.491291386, 122.806820253, 123.19783818, 123.435366086, 123.746378631, 124.093276382, 124.342223067, 124.607746789, 124.944844545, 125.276302328, 125.456439219, 125.753336949, 125.977145445, 126.275045924, 126.520951258, 126.758690191, 127.08297812, 127.386070758, 127.741640986, 128.051642797, 128.233537215, 128.542024316, 128.907378836, 129.227740823, 129.414788383, 129.630387872, 129.887259054, 130.183001158, 130.370217814, 130.711012106, 131.028374225, 131.215332298, 131.526135744, 131.779182316, 131.966591783, 132.16275094, 132.370463425, 132.613092966, 132.893997191, 133.145243334, 133.337342889, 133.529883596, 133.85671004, 134.198257864, 134.505393128, 134.859589539, 135.210792628, 135.402253832, 135.592835677, 135.894775327, 136.198293638, 136.449960335, 136.765037834, 137.010624021, 137.224043099, 137.426851979, 137.783279057, 138.091954498, 138.309723763, 138.502088121, 138.754880293, 139.106349064, 139.306156305, 139.548614071, 139.85601151, 140.046913611, 140.2877556, 140.478863012, 140.718939603, 141.057690759, 141.349615319, 141.666085409, 142.040277168, 142.277228068, 142.467481901, 142.77955295, 143.096649511, 143.428034789, 143.619095971, 143.812602657, 143.994092531, 144.237062095, 144.569646204, 144.821131603, 145.115050391, 145.305201015, 145.500553484, 145.857762556, 146.100348955, 146.41043551, 146.654818336, 146.840755094, 147.193046024, 147.387486557, 147.603390738, 147.849654371, 148.044385304, 148.420489247, 148.724440806, 148.98142014, 149.278632166, 149.502951231, 149.820179184, 150.015097252, 150.273893515, 150.524441467, 150.847374296, 151.053715943],